Repo Name,Private,Language,Stars,Forks,Created At,Updated At,URL
50projects,False,CSS,0,0,2021-12-05T08:21:42Z,2021-12-22T10:59:33Z,https://github.com/kuslapur/50projects
50projects50days,False,,0,0,2024-11-05T11:04:39Z,2024-11-05T11:04:40Z,https://github.com/kuslapur/50projects50days
50projects50days--A,False,,0,0,2024-11-06T03:50:46Z,2024-11-06T03:50:46Z,https://github.com/kuslapur/50projects50days--A
Add-SSH-Key-EC2-Ansible,False,,0,0,2021-10-27T04:33:11Z,2021-10-27T04:33:11Z,https://github.com/kuslapur/Add-SSH-Key-EC2-Ansible
Ansible,False,,0,0,2021-10-16T13:04:37Z,2024-02-20T07:23:13Z,https://github.com/kuslapur/Ansible
ansible-1,False,,0,0,2021-12-20T05:57:34Z,2021-12-20T05:57:36Z,https://github.com/kuslapur/ansible-1
ansible-2024-sep,False,,0,0,2024-09-03T06:56:08Z,2024-09-10T03:59:16Z,https://github.com/kuslapur/ansible-2024-sep
awesome-compose,False,,0,0,2021-07-29T12:11:14Z,2021-07-29T12:11:15Z,https://github.com/kuslapur/awesome-compose
AWS,False,,0,0,2021-02-22T17:40:38Z,2026-03-23T01:00:36Z,https://github.com/kuslapur/AWS
AWS-App-ticketbooking,False,Shell,0,0,2026-03-15T05:15:21Z,2026-03-16T16:29:34Z,https://github.com/kuslapur/AWS-App-ticketbooking
aws-s3-staticweb,False,,0,0,2025-02-08T17:48:56Z,2025-02-08T17:48:56Z,https://github.com/kuslapur/aws-s3-staticweb
bkuslapur,False,CSS,0,0,2021-07-07T06:46:27Z,2021-07-23T14:37:31Z,https://github.com/kuslapur/bkuslapur
BoardGame,False,,0,0,2024-09-02T10:33:19Z,2024-09-02T10:33:19Z,https://github.com/kuslapur/BoardGame
Branching-,False,,0,0,2021-06-11T18:01:46Z,2021-10-17T13:22:30Z,https://github.com/kuslapur/Branching-
carved-website,False,CSS,0,0,2021-07-02T18:42:29Z,2021-07-03T06:43:27Z,https://github.com/kuslapur/carved-website
CI-CD-project,False,CSS,0,0,2021-10-07T09:18:23Z,2021-10-07T12:07:09Z,https://github.com/kuslapur/CI-CD-project
cognixia-az104,False,,0,0,2021-05-29T18:32:40Z,2021-05-29T18:32:41Z,https://github.com/kuslapur/cognixia-az104
devops-master-class,False,,0,0,2024-06-03T04:21:05Z,2024-06-03T04:21:06Z,https://github.com/kuslapur/devops-master-class
DevOps-Roadmap-2026,False,,0,0,2026-04-14T02:02:03Z,2026-04-14T02:02:03Z,https://github.com/kuslapur/DevOps-Roadmap-2026
devops-tools,False,,0,0,2024-03-08T16:58:19Z,2024-03-08T16:58:19Z,https://github.com/kuslapur/devops-tools
Dockerfile,False,Dockerfile,0,0,2021-11-13T10:08:09Z,2021-11-13T18:49:04Z,https://github.com/kuslapur/Dockerfile
Docker_compose_yml,False,,0,0,2021-11-21T15:04:04Z,2021-11-21T15:17:36Z,https://github.com/kuslapur/Docker_compose_yml
eks-auto-mode-workshop,False,,0,0,2025-06-13T10:46:56Z,2025-06-13T10:46:56Z,https://github.com/kuslapur/eks-auto-mode-workshop
git-project,True,,0,0,2025-03-04T04:47:44Z,2025-06-13T10:32:46Z,https://github.com/kuslapur/git-project
GITACT-Projects-workflows,False,JavaScript,0,0,2025-12-02T17:41:49Z,2026-03-23T15:42:48Z,https://github.com/kuslapur/GITACT-Projects-workflows
github-action-maven-example-start,False,Java,0,0,2024-06-01T03:23:57Z,2025-07-07T12:09:06Z,https://github.com/kuslapur/github-action-maven-example-start
github-action_project,False,,0,0,2024-09-10T16:20:30Z,2024-09-10T16:30:43Z,https://github.com/kuslapur/github-action_project
GitHubAction-self-hosted-runner,False,Python,0,0,2025-12-21T17:03:13Z,2025-12-22T07:17:10Z,https://github.com/kuslapur/GitHubAction-self-hosted-runner
Gitlabprojects,False,,0,0,2024-09-02T13:25:23Z,2024-09-02T13:25:23Z,https://github.com/kuslapur/Gitlabprojects
harnesscd-example-apps,False,,0,0,2024-09-13T12:07:08Z,2024-09-13T12:07:08Z,https://github.com/kuslapur/harnesscd-example-apps
helm-charts,False,,0,0,2024-02-20T07:25:40Z,2024-02-20T07:25:40Z,https://github.com/kuslapur/helm-charts
InterviewQuestions,False,,0,0,2020-12-02T06:51:55Z,2020-12-02T06:52:00Z,https://github.com/kuslapur/InterviewQuestions
jenki-ansible,False,Shell,0,0,2021-10-23T18:42:38Z,2021-11-12T12:10:39Z,https://github.com/kuslapur/jenki-ansible
jenkins-multibranch,False,Java,0,0,2021-12-06T17:19:18Z,2021-12-06T18:36:30Z,https://github.com/kuslapur/jenkins-multibranch
Jenkins_pipeline_scripts,False,,0,0,2021-11-14T16:43:07Z,2021-11-21T17:09:34Z,https://github.com/kuslapur/Jenkins_pipeline_scripts
k8s-postman-tutorial,False,,0,0,2021-07-03T08:21:52Z,2021-07-03T08:21:53Z,https://github.com/kuslapur/k8s-postman-tutorial
k8_practice,False,,0,0,2024-02-26T07:43:29Z,2024-02-26T07:43:30Z,https://github.com/kuslapur/k8_practice
kubernetes-example-voting-app,False,,0,0,2024-03-07T06:01:03Z,2024-03-07T06:01:03Z,https://github.com/kuslapur/kubernetes-example-voting-app
kuslapur,False,,0,0,2021-05-24T05:15:57Z,2026-04-10T15:43:33Z,https://github.com/kuslapur/kuslapur
Learmxops,False,,0,0,2025-06-28T12:59:04Z,2025-07-09T07:31:01Z,https://github.com/kuslapur/Learmxops
Lesson--02--GitHubFiles,False,,0,0,2021-05-24T05:49:08Z,2021-05-24T05:49:11Z,https://github.com/kuslapur/Lesson--02--GitHubFiles
Linux1_practice,False,Shell,0,0,2020-03-05T11:26:01Z,2024-11-30T13:10:14Z,https://github.com/kuslapur/Linux1_practice
Maven-auto-d-tom,False,Java,0,0,2021-12-23T19:03:57Z,2021-12-24T15:32:28Z,https://github.com/kuslapur/Maven-auto-d-tom
maven-jenkins-api,False,Java,0,0,2021-12-27T12:05:27Z,2021-12-27T17:05:44Z,https://github.com/kuslapur/maven-jenkins-api
MavenBuild,False,Java,0,0,2021-02-12T14:58:12Z,2021-12-24T05:25:37Z,https://github.com/kuslapur/MavenBuild
Maven_build,False,Java,0,0,2021-11-14T05:44:27Z,2021-12-20T01:30:40Z,https://github.com/kuslapur/Maven_build
maven_pvt_project,True,,0,0,2022-01-31T03:00:41Z,2022-01-31T03:00:41Z,https://github.com/kuslapur/maven_pvt_project
multitier,False,HTML,0,0,2021-10-07T17:22:54Z,2021-10-07T17:28:18Z,https://github.com/kuslapur/multitier
my-new-repo,False,,0,0,2026-04-14T12:18:24Z,2026-04-14T12:18:25Z,https://github.com/kuslapur/my-new-repo
my_app,False,Java,0,0,2021-11-25T06:42:02Z,2021-12-03T07:31:09Z,https://github.com/kuslapur/my_app
notes-app-cicd,False,,0,0,2024-06-01T06:11:29Z,2024-06-01T06:11:30Z,https://github.com/kuslapur/notes-app-cicd
personal-website,False,HTML,0,0,2026-01-24T08:14:16Z,2026-01-25T03:32:37Z,https://github.com/kuslapur/personal-website
Projets,False,CSS,0,0,2021-11-21T12:43:21Z,2021-11-21T12:48:36Z,https://github.com/kuslapur/Projets
puppet,False,,0,0,2021-10-01T19:04:55Z,2021-10-27T15:04:39Z,https://github.com/kuslapur/puppet
puppet-new,False,,0,0,2021-10-01T19:05:55Z,2021-10-01T19:05:55Z,https://github.com/kuslapur/puppet-new
python,False,Python,0,0,2024-09-10T06:42:27Z,2025-01-03T12:58:33Z,https://github.com/kuslapur/python
quiz-app,False,JavaScript,0,0,2021-11-21T06:04:43Z,2021-11-21T06:06:13Z,https://github.com/kuslapur/quiz-app
scripts,False,Shell,0,0,2020-09-15T07:51:08Z,2020-09-15T08:36:45Z,https://github.com/kuslapur/scripts
sonarqube,False,Java,0,0,2021-12-09T17:55:16Z,2021-12-10T05:03:12Z,https://github.com/kuslapur/sonarqube
Terraform,False,HCL,0,0,2021-08-20T06:59:59Z,2025-12-23T16:24:55Z,https://github.com/kuslapur/Terraform
terraform-on-aws-ec2,False,,0,0,2021-07-30T08:41:46Z,2021-07-30T08:41:47Z,https://github.com/kuslapur/terraform-on-aws-ec2
Testweb,False,HTML,0,0,2021-11-12T09:42:30Z,2021-11-12T11:14:20Z,https://github.com/kuslapur/Testweb
tomcat,False,Dockerfile,0,0,2021-11-12T17:45:50Z,2021-11-12T18:15:22Z,https://github.com/kuslapur/tomcat
two-tierapp,False,,0,0,2026-03-02T10:51:02Z,2026-03-02T10:51:02Z,https://github.com/kuslapur/two-tierapp
vprofile-project,False,Java,0,0,2021-08-19T06:21:02Z,2021-11-13T09:15:08Z,https://github.com/kuslapur/vprofile-project
website,False,HTML,0,0,2021-06-09T15:32:27Z,2021-06-12T07:13:28Z,https://github.com/kuslapur/website
Web_Tomcat_C_Dockefile,False,Java,0,0,2021-11-18T18:53:30Z,2021-11-18T18:58:40Z,https://github.com/kuslapur/Web_Tomcat_C_Dockefile
WordpressDocker,False,,0,0,2021-07-30T08:09:22Z,2021-07-30T08:19:26Z,https://github.com/kuslapur/WordpressDocker
